result_id,run_id,config,metric,value,ci_low,ci_high,n,method,details
toy-length/run-2026-09-29-1/diff/long_unit_share,run-2026-09-29-1,,long_unit_share_difference,0.75,0.5,1.0,12,bootstrap-by-item,"{""a"": ""first-sentence"", ""b"": ""longest-sentence"", ""difference"": ""b - a""}"
toy-length/run-2026-09-29-1/first-sentence/long_unit_share,run-2026-09-29-1,first-sentence,long_unit_share,0.08333333333333333,0.014865094404917095,0.35387991114111694,12,wilson,"{""successes"": 1}"
toy-length/run-2026-09-29-1/first-sentence/mean_chars,run-2026-09-29-1,first-sentence,mean_chars,2521.5,969.4979166666667,4691.027083333325,12,bootstrap-by-item,{}
toy-length/run-2026-09-29-1/longest-sentence/long_unit_share,run-2026-09-29-1,longest-sentence,long_unit_share,0.8333333333333334,0.5519691377470267,0.9530348578161462,12,wilson,"{""successes"": 10}"
toy-length/run-2026-09-29-1/longest-sentence/mean_chars,run-2026-09-29-1,longest-sentence,mean_chars,2521.5,969.4979166666667,4691.027083333325,12,bootstrap-by-item,{}
toy-length/run-2026-09-29-2/diff/long_unit_share,run-2026-09-29-2,,long_unit_share_difference,0.6666666666666667,0.3333333333333333,1.0,6,bootstrap-by-item,"{""a"": ""first-sentence"", ""b"": ""longest-sentence"", ""difference"": ""b - a""}"
toy-length/run-2026-09-29-2/first-sentence/long_unit_share,run-2026-09-29-2,first-sentence,long_unit_share,0.16666666666666666,0.03005336974830658,0.5635028221864702,6,wilson,"{""successes"": 1}"
toy-length/run-2026-09-29-2/first-sentence/mean_chars,run-2026-09-29-2,first-sentence,mean_chars,3044.3333333333335,772.0,6893.166666666667,6,bootstrap-by-item,{}
toy-length/run-2026-09-29-2/longest-sentence/long_unit_share,run-2026-09-29-2,longest-sentence,long_unit_share,0.8333333333333334,0.43649717781352987,0.9699466302516935,6,wilson,"{""successes"": 5}"
toy-length/run-2026-09-29-2/longest-sentence/mean_chars,run-2026-09-29-2,longest-sentence,mean_chars,3044.3333333333335,772.0,6893.166666666667,6,bootstrap-by-item,{}
toy-length/run-2026-09-29-3/diff/long_unit_share,run-2026-09-29-3,,long_unit_share_difference,0.0,0.0,0.0,2,bootstrap-by-item,"{""a"": ""first-sentence"", ""b"": ""longest-sentence"", ""difference"": ""b - a""}"
toy-length/run-2026-09-29-3/first-sentence/long_unit_share,run-2026-09-29-3,first-sentence,long_unit_share,0.0,0.0,0.6576197724933469,2,wilson,"{""successes"": 0}"
toy-length/run-2026-09-29-3/first-sentence/mean_chars,run-2026-09-29-3,first-sentence,mean_chars,273.5,202.0,345.0,2,bootstrap-by-item,{}
toy-length/run-2026-09-29-3/longest-sentence/long_unit_share,run-2026-09-29-3,longest-sentence,long_unit_share,0.0,0.0,0.6576197724933469,2,wilson,"{""successes"": 0}"
toy-length/run-2026-09-29-3/longest-sentence/mean_chars,run-2026-09-29-3,longest-sentence,mean_chars,273.5,202.0,345.0,2,bootstrap-by-item,{}
toy-length/run-2026-09-29-4/diff/long_unit_share,run-2026-09-29-4,,long_unit_share_difference,0.0,0.0,0.0,2,bootstrap-by-item,"{""a"": ""first-sentence"", ""b"": ""longest-sentence"", ""difference"": ""b - a""}"
toy-length/run-2026-09-29-4/first-sentence/long_unit_share,run-2026-09-29-4,first-sentence,long_unit_share,0.0,0.0,0.6576197724933469,2,wilson,"{""successes"": 0}"
toy-length/run-2026-09-29-4/first-sentence/mean_chars,run-2026-09-29-4,first-sentence,mean_chars,273.5,202.0,345.0,2,bootstrap-by-item,{}
toy-length/run-2026-09-29-4/longest-sentence/long_unit_share,run-2026-09-29-4,longest-sentence,long_unit_share,0.0,0.0,0.6576197724933469,2,wilson,"{""successes"": 0}"
toy-length/run-2026-09-29-4/longest-sentence/mean_chars,run-2026-09-29-4,longest-sentence,mean_chars,273.5,202.0,345.0,2,bootstrap-by-item,{}
