result_uuid,run_id,config,item_id,ok,error_reason,model,provider,input_tokens,output_tokens,cost_usd,latency_ms,output
951802b2-e202-4126-9e0b-7aa05dd77a90,run-2026-09-29-1,first-sentence,en/02-roadmap.md,true,,toy-model-a,none,0,0,0.0,1,"{""chars"": 6605, ""sentences"": 75, ""unit_chars"": [74], ""words"": 1145}"
b03bb338-ea4a-434b-9cb9-7620c26676f8,run-2026-09-29-1,first-sentence,en/03-progress.md,true,,toy-model-a,none,0,0,0.0,2,"{""chars"": 12643, ""sentences"": 123, ""unit_chars"": [68], ""words"": 2148}"
b9d81169-01ca-463c-8c15-44ff0214b655,run-2026-09-29-1,first-sentence,en/roadmap/F0/F0.1-close-leaking-channels.md,true,,toy-model-a,none,0,0,0.0,1,"{""chars"": 1741, ""sentences"": 17, ""unit_chars"": [139], ""words"": 293}"
a4e524ab-0f43-487b-88b3-5ed694c44ed0,run-2026-09-29-1,first-sentence,en/roadmap/F1/F1.10-first-publication.md,true,,toy-model-a,none,0,0,0.0,1,"{""chars"": 843, ""sentences"": 8, ""unit_chars"": [107], ""words"": 154}"
946c5623-4f4c-4aeb-8e34-3a207c1422e0,run-2026-09-29-1,first-sentence,en/roadmap/F3-first-pass.md,true,,toy-model-a,none,0,0,0.0,1,"{""chars"": 1758, ""sentences"": 11, ""unit_chars"": [112], ""words"": 297}"
3cc7b461-0c00-4f85-9d33-c0a48624b54f,run-2026-09-29-1,first-sentence,en/templates/run-note.md,true,,toy-model-a,none,0,0,0.0,1,"{""chars"": 202, ""sentences"": 4, ""unit_chars"": [68], ""words"": 31}"
d0a1871c-7c92-4cca-80ba-25b1e29d95d6,run-2026-09-29-1,first-sentence,pl/roadmap/F0/F0.4-scanner-text-and-files.md,true,,toy-model-a,none,0,0,0.0,1,"{""chars"": 1776, ""sentences"": 20, ""unit_chars"": [35], ""words"": 265}"
141a4ac3-2c38-46c8-92ec-55dcb972306c,run-2026-09-29-1,first-sentence,pl/roadmap/F1/F1.7-bilingual-convention.md,true,,toy-model-a,none,0,0,0.0,2,"{""chars"": 1524, ""sentences"": 14, ""unit_chars"": [109], ""words"": 220}"
79b3f188-fd96-4a1e-98d9-4f1a8bfb3949,run-2026-09-29-1,first-sentence,pl/roadmap/F2/F2.3-schemas-and-templates.md,true,,toy-model-a,none,0,0,0.0,1,"{""chars"": 818, ""sentences"": 8, ""unit_chars"": [54], ""words"": 107}"
86365fd2-a1d7-42de-867e-98a5a98c325e,run-2026-09-29-1,first-sentence,pl/roadmap/F2/F2.4-hypothesis-processor.md,true,,toy-model-a,none,0,0,0.0,1,"{""chars"": 1318, ""sentences"": 13, ""unit_chars"": [94], ""words"": 183}"
c9c8ed92-ec69-4fb8-90b5-c0ffec271275,run-2026-09-29-1,first-sentence,pl/roadmap/F3/F3.6-tier-s-and-g1.md,true,,toy-model-a,none,0,0,0.0,1,"{""chars"": 685, ""sentences"": 9, ""unit_chars"": [84], ""words"": 104}"
4150be13-0abe-425b-b1bd-f7f8eeff36e0,run-2026-09-29-1,first-sentence,pl/templates/gate-decision.md,true,,toy-model-a,none,0,0,0.0,1,"{""chars"": 345, ""sentences"": 7, ""unit_chars"": [35], ""words"": 53}"
b7ec64cd-7267-465e-a51f-ecab9003e3bf,run-2026-09-29-1,longest-sentence,en/02-roadmap.md,true,,toy-model-b,none,0,0,0.0,1,"{""chars"": 6605, ""sentences"": 75, ""unit_chars"": [604], ""words"": 1145}"
cddeed72-6fcc-4e29-be9e-3b93380f50b1,run-2026-09-29-1,longest-sentence,en/03-progress.md,true,,toy-model-b,none,0,0,0.0,2,"{""chars"": 12643, ""sentences"": 123, ""unit_chars"": [291], ""words"": 2148}"
b4bda922-6d44-4976-836e-89a37bf44360,run-2026-09-29-1,longest-sentence,en/roadmap/F0/F0.1-close-leaking-channels.md,true,,toy-model-b,none,0,0,0.0,1,"{""chars"": 1741, ""sentences"": 17, ""unit_chars"": [251], ""words"": 293}"
39eb0f05-ee36-4681-87f2-5d23d719638d,run-2026-09-29-1,longest-sentence,en/roadmap/F1/F1.10-first-publication.md,true,,toy-model-b,none,0,0,0.0,2,"{""chars"": 843, ""sentences"": 8, ""unit_chars"": [177], ""words"": 154}"
bc495942-8ca3-438a-b958-4cc5753448f0,run-2026-09-29-1,longest-sentence,en/roadmap/F3-first-pass.md,true,,toy-model-b,none,0,0,0.0,1,"{""chars"": 1758, ""sentences"": 11, ""unit_chars"": [487], ""words"": 297}"
e0ca82dd-09a0-438f-a841-a64cb16f91ca,run-2026-09-29-1,longest-sentence,en/templates/run-note.md,true,,toy-model-b,none,0,0,0.0,1,"{""chars"": 202, ""sentences"": 4, ""unit_chars"": [68], ""words"": 31}"
06f09078-e41e-4b3a-a84e-7e7af548da1d,run-2026-09-29-1,longest-sentence,pl/roadmap/F0/F0.4-scanner-text-and-files.md,true,,toy-model-b,none,0,0,0.0,1,"{""chars"": 1776, ""sentences"": 20, ""unit_chars"": [188], ""words"": 265}"
c813e9af-2ab6-4dcb-8ae1-17e5819192ac,run-2026-09-29-1,longest-sentence,pl/roadmap/F1/F1.7-bilingual-convention.md,true,,toy-model-b,none,0,0,0.0,1,"{""chars"": 1524, ""sentences"": 14, ""unit_chars"": [354], ""words"": 220}"
a43f587c-6d7e-4687-ac65-d11dc06a13da,run-2026-09-29-1,longest-sentence,pl/roadmap/F2/F2.3-schemas-and-templates.md,true,,toy-model-b,none,0,0,0.0,1,"{""chars"": 818, ""sentences"": 8, ""unit_chars"": [164], ""words"": 107}"
fe3c0453-cf96-40ff-ab19-f293be5f5426,run-2026-09-29-1,longest-sentence,pl/roadmap/F2/F2.4-hypothesis-processor.md,true,,toy-model-b,none,0,0,0.0,1,"{""chars"": 1318, ""sentences"": 13, ""unit_chars"": [234], ""words"": 183}"
81c159f6-11ec-4c49-af4b-5e943227d7d8,run-2026-09-29-1,longest-sentence,pl/roadmap/F3/F3.6-tier-s-and-g1.md,true,,toy-model-b,none,0,0,0.0,1,"{""chars"": 685, ""sentences"": 9, ""unit_chars"": [128], ""words"": 104}"
07574e3e-3771-4f90-b0a2-3be6bd98928d,run-2026-09-29-1,longest-sentence,pl/templates/gate-decision.md,true,,toy-model-b,none,0,0,0.0,1,"{""chars"": 345, ""sentences"": 7, ""unit_chars"": [91], ""words"": 53}"
335fb9ee-8510-420a-8bdf-3e2de62251c0,run-2026-09-29-2,first-sentence,en/roadmap/F1/F1.6-clean-builds.md,true,,toy-model-a,none,0,0,0.0,1,"{""chars"": 995, ""sentences"": 12, ""unit_chars"": [128], ""words"": 165}"
b77e3085-b681-4bde-a3f9-8cc959c4f442,run-2026-09-29-2,first-sentence,en/roadmap/F2/F2.5-gate-processor.md,true,,toy-model-a,none,0,0,0.0,2,"{""chars"": 1070, ""sentences"": 9, ""unit_chars"": [72], ""words"": 178}"
eb03b22e-81b8-4e29-b26a-c86f5a392718,run-2026-09-29-2,first-sentence,en/templates/triage.md,true,,toy-model-a,none,0,0,0.0,0,"{""chars"": 518, ""sentences"": 8, ""unit_chars"": [102], ""words"": 88}"
c8f93e74-be3e-48c0-bf06-c849a9dfe129,run-2026-09-29-2,first-sentence,pl/03-progress.md,true,,toy-model-a,none,0,0,0.0,3,"{""chars"": 12398, ""sentences"": 124, ""unit_chars"": [68], ""words"": 1735}"
477ca466-cd3b-4f9d-baa7-02891e8ef469,run-2026-09-29-2,first-sentence,pl/experiments/intent-vs-fact/corpus.md,true,,toy-model-a,none,0,0,0.0,1,"{""chars"": 2577, ""sentences"": 21, ""unit_chars"": [73], ""words"": 368}"
59c313e3-bf4f-4f5d-9349-8cf15854a380,run-2026-09-29-2,first-sentence,pl/roadmap/F2-lab.md,true,,toy-model-a,none,0,0,0.0,1,"{""chars"": 708, ""sentences"": 2, ""unit_chars"": [118], ""words"": 106}"
8bd96ee0-4489-4398-9c22-1bc7f9dda8b4,run-2026-09-29-2,longest-sentence,en/roadmap/F1/F1.6-clean-builds.md,true,,toy-model-b,none,0,0,0.0,1,"{""chars"": 995, ""sentences"": 12, ""unit_chars"": [128], ""words"": 165}"
54937740-8cdd-41f7-8f92-9ec10dd46f23,run-2026-09-29-2,longest-sentence,en/roadmap/F2/F2.5-gate-processor.md,true,,toy-model-b,none,0,0,0.0,1,"{""chars"": 1070, ""sentences"": 9, ""unit_chars"": [191], ""words"": 178}"
c55706c6-6506-4b34-8dc7-10d56ccd472e,run-2026-09-29-2,longest-sentence,en/templates/triage.md,true,,toy-model-b,none,0,0,0.0,1,"{""chars"": 518, ""sentences"": 8, ""unit_chars"": [102], ""words"": 88}"
1a3528d7-1a51-4d1a-9405-2e461dcfdfef,run-2026-09-29-2,longest-sentence,pl/03-progress.md,true,,toy-model-b,none,0,0,0.0,2,"{""chars"": 12398, ""sentences"": 124, ""unit_chars"": [247], ""words"": 1735}"
f89fc11e-2f99-4fed-afc3-e1ddb7802507,run-2026-09-29-2,longest-sentence,pl/experiments/intent-vs-fact/corpus.md,true,,toy-model-b,none,0,0,0.0,1,"{""chars"": 2577, ""sentences"": 21, ""unit_chars"": [293], ""words"": 368}"
1bd0f714-0781-4bc0-9177-36ca965141b5,run-2026-09-29-2,longest-sentence,pl/roadmap/F2-lab.md,true,,toy-model-b,none,0,0,0.0,1,"{""chars"": 708, ""sentences"": 2, ""unit_chars"": [589], ""words"": 106}"
