sample,position,item_id,content_sha256,stratum
blind-toy,0,141a4ac3-2c38-46c8-92ec-55dcb972306c:0,07d88515e9cd84be93dfa913207b174b2631707bfafdb64080c23ef6f075a1d9,first-sentence
blind-toy,1,b7ec64cd-7267-465e-a51f-ecab9003e3bf:0,fdb15b5bea3fb098a0be8cee09739d17700a233935b14f7e802107e950f5fa67,longest-sentence
blind-toy,2,bc495942-8ca3-438a-b958-4cc5753448f0:0,7f5a81c576f66d2743535f3d9ca00638f0a3b9bd59e4800a7c54fb7ec9b26edd,longest-sentence
blind-toy,3,4150be13-0abe-425b-b1bd-f7f8eeff36e0:0,a5877777b0898dfce66d8b8ebebf3c7c0d911de3a76fcdb40e4b4ca6ba1faa79,first-sentence
blind-toy,4,39eb0f05-ee36-4681-87f2-5d23d719638d:0,b6f7fce3ede238329b3aea1c2f493cb9e9bac1c1e0445050dab7652cc0a76325,longest-sentence
blind-toy,5,951802b2-e202-4126-9e0b-7aa05dd77a90:0,6da570bcccb56adfef2b8213348132717f94529bde08c1ffe843dc7158e73fc3,first-sentence
blind-toy,6,86365fd2-a1d7-42de-867e-98a5a98c325e:0,ed4f07a9e778c759e13e0797877a57781f86aff2ca443e14f45c8e10a1e8746c,first-sentence
blind-toy,7,c813e9af-2ab6-4dcb-8ae1-17e5819192ac:0,e4876c620875fd37bc139168b675d2b822e6a04ec3ad606ac8b3479959386d81,longest-sentence
blind-toy,8,79b3f188-fd96-4a1e-98d9-4f1a8bfb3949:0,e133bab38399851d6a628be257166d1f13d29c56421f88700e65c7f97e20fa3e,first-sentence
blind-toy,9,fe3c0453-cf96-40ff-ab19-f293be5f5426:0,b27c470913974efac09ecbf01bb5e191207b5045259104d1bd2b31e9fd4f362d,longest-sentence
blind-toy,10,e0ca82dd-09a0-438f-a841-a64cb16f91ca:0#repeat,4235ca036df339949d4037f6ae9acfbaa8a876a4fad834e9ada65a0c5d44367b,longest-sentence
blind-toy,11,d0a1871c-7c92-4cca-80ba-25b1e29d95d6:0,f7a740594911fd7f17517a54dd85eb01bbf605e0e49c6deb1a80369939dc43c0,first-sentence
blind-toy,12,3cc7b461-0c00-4f85-9d33-c0a48624b54f:0,4235ca036df339949d4037f6ae9acfbaa8a876a4fad834e9ada65a0c5d44367b,first-sentence
blind-toy,13,e0ca82dd-09a0-438f-a841-a64cb16f91ca:0,4235ca036df339949d4037f6ae9acfbaa8a876a4fad834e9ada65a0c5d44367b,longest-sentence
blind-toy,14,a43f587c-6d7e-4687-ac65-d11dc06a13da:0,3eb06a648b8233ffc7ec4f2fe190127c3d64c8d47e70ff5f4b1d80116786bcaa,longest-sentence
blind-toy,15,c9c8ed92-ec69-4fb8-90b5-c0ffec271275:0,ac87fee2a82743640474b8e420bdf7ef7e4b7e8905084177a4f6c4a5994ac445,first-sentence
blind-toy,16,07574e3e-3771-4f90-b0a2-3be6bd98928d:0,addb02d62477d2af77182079d532ea8fd6bb00531c691096d9c74dccecd4c602,longest-sentence
blind-toy,17,06f09078-e41e-4b3a-a84e-7e7af548da1d:0,01712ed90b6d5c018dfc180f420d233704e28510f32b292bf0380a4da6d3b73b,longest-sentence
blind-toy,18,b03bb338-ea4a-434b-9cb9-7620c26676f8:0,c02d2d0b77f97d1386017ef611e59c83e83149fadea5fcda334a9f7ee1f16b47,first-sentence
blind-toy,19,b9d81169-01ca-463c-8c15-44ff0214b655:0,815b206f6d9b97dcfa46ef2ab8df81fe2865fbd1c4597191c326b0bfb30effc4,first-sentence
blind-toy,20,946c5623-4f4c-4aeb-8e34-3a207c1422e0:0,0618268382fd44b31376a1aad99bea88483651cbd7ab87232be2158c621efbaa,first-sentence
blind-toy,21,81c159f6-11ec-4c49-af4b-5e943227d7d8:0,003255437c0d720a597c313113ff249fe227fd212efef6a6bfb2554a4abf2d8a,longest-sentence
blind-toy,22,bc495942-8ca3-438a-b958-4cc5753448f0:0#repeat,7f5a81c576f66d2743535f3d9ca00638f0a3b9bd59e4800a7c54fb7ec9b26edd,longest-sentence
blind-toy,23,cddeed72-6fcc-4e29-be9e-3b93380f50b1:0,1d7f2a7edeed9cbe2826441b8b09ae0f14f54a57633a203b825ad1f18d8bb44f,longest-sentence
blind-toy,24,a4e524ab-0f43-487b-88b3-5ed694c44ed0:0,66d54283e2b921ba2f5fab9723a1aa10bda44ad1ddc3b6cf13e21abe253b6161,first-sentence
blind-toy,25,b4bda922-6d44-4976-836e-89a37bf44360:0,37270a4c0c623e62e642be86a94f472b95964396a3c7419487038007f74c1e32,longest-sentence
control-6,0,en/roadmap/F1/F1.6-clean-builds.md,47de2680482b271a9cdb5c9c8ef389355fe6dcbf4d4bdb9f76b3b0f00d369ef3,en
control-6,1,en/templates/triage.md,910fed5fbd94d293256db21f6176199448805ce3dddcd37a8341c0be889fc7fc,en
control-6,2,en/roadmap/F2/F2.5-gate-processor.md,23f5e1c1881e0f2e1fee8a9787e620167f626b2e665c4a258724805c84782656,en
control-6,3,pl/experiments/intent-vs-fact/corpus.md,0d4ad77040276add2e33098152a0aea5cd58a19a6b956340b32dc22bad90e244,pl
control-6,4,pl/03-progress.md,d6d4a76ab05c0fbf1deae2e6bca3095096d52c4ef3029e30e920246af654dbbf,pl
control-6,5,pl/roadmap/F2-lab.md,4bd90f94d2a8048b11303c304875c2b4b9da2da1e1a1f6c618ddb423a41967ba,pl
tuning-12,0,en/roadmap/F0/F0.1-close-leaking-channels.md,4b10d0064480e2d40f5fd0bf826333b95d065eba16e72aabc12645d2face6294,en
tuning-12,1,en/roadmap/F3-first-pass.md,e0941730c4f91c42148abc59feea7efbfd7de448bd223a3d2b55d3d6a8036964,en
tuning-12,2,en/templates/run-note.md,f9a15d6e57b9b81378e5517ca8e4c0d598c78d4e4cd52ed8bb2e657c1e115737,en
tuning-12,3,en/02-roadmap.md,ee3034f6d788dd4d9a11f30979eb999e35172575e88984591db2451d380b7492,en
tuning-12,4,en/roadmap/F1/F1.10-first-publication.md,2b956e306814c071e680382bfabef265558c6c34657461f954b517e5e11a4f46,en
tuning-12,5,en/03-progress.md,bfdf8daa17b705c204bd533bc6047d9a1373b312fc1b3d3c1453582bfbef822c,en
tuning-12,6,pl/roadmap/F1/F1.7-bilingual-convention.md,45a3a27f737b657fd39ff2f65ab5530728cd955ba1c1c8271a7da34af67ba9be,pl
tuning-12,7,pl/roadmap/F3/F3.6-tier-s-and-g1.md,9287c9728a397dfb63a55ce6a57668a2924714dd568af64c8d1e7c84b015db39,pl
tuning-12,8,pl/templates/gate-decision.md,438882b24a2d0d859eb2089d617840975dffec3fb00f520c46f48cd239376b8a,pl
tuning-12,9,pl/roadmap/F0/F0.4-scanner-text-and-files.md,8e3796e887df7ec3ad798e327bdc7c168f0b39178ae051099d5d0ec37ee07c5d,pl
tuning-12,10,pl/roadmap/F2/F2.4-hypothesis-processor.md,38796c890f77aa88c37d02392c2fc1f1d5593d4482c86766f0c10eb2198ff376,pl
tuning-12,11,pl/roadmap/F2/F2.3-schemas-and-templates.md,8f754b75bae4d02f316404d90278568d0f49c4cdfc0a017d63eac2f828395b06,pl
