arxiv_id,stratum,position
2609.10430,high,0
2609.13003,high,1
2608.03833,high,2
2608.05013,high,3
2608.10509,high,4
2608.16544,high,5
2608.26004,high,6
2608.24804,high,7
2609.05708,high,8
2607.27512,high,9
2609.04167,high,10
2609.25913,high,11
2608.21236,high,12
2609.12655,high,13
2608.18058,high,14
2608.24069,high,15
2608.05124,high,16
2609.24831,high,17
2608.22657,high,18
2608.11110,high,19
2609.24890,high,20
2608.24742,low,21
2609.13013,low,22
2609.01550,low,23
2609.19077,low,24
2609.26711,low,25
2608.20187,low,26
2609.20808,low,27
2609.26346,low,28
2609.28080,low,29
2608.24712,low,30
2608.20856,low,31
2608.06041,low,32
2609.11865,low,33
2608.16281,low,34
2609.15763,low,35
2608.21030,middle,36
2609.15964,middle,37
2609.20779,middle,38
2608.09698,middle,39
2609.21637,middle,40
2609.20412,middle,41
2607.28601,middle,42
2608.20129,middle,43
2609.26679,middle,44
2609.15939,middle,45
2609.17226,middle,46
2609.26634,middle,47
2608.08240,middle,48
2609.19989,middle,49
2609.26682,middle,50
2608.03917,middle,51
2608.06331,middle,52
2609.29958,middle,53
2608.31017,middle,54
2607.29287,middle,55
2609.01575,middle,56
2608.16852,middle,57
2608.10964,middle,58
2609.10155,middle,59
