src,dst,type
d02,d01,cites
d03,d01,cites
d04,d03,cites
d05,d04,cites
d06,d05,cites
d08,d07,cites
d09,d07,cites
d10,d09,cites
d11,d10,cites
d12,d11,cites
d14,d13,cites
d15,d13,cites
d16,d15,cites
d17,d16,cites
d18,d17,cites
d20,d19,cites
d21,d19,cites
d22,d21,cites
d23,d22,cites
d24,d23,cites
d26,d25,cites
d27,d25,cites
d28,d27,cites
d29,d28,cites
d30,d29,cites
d32,d31,cites
d33,d31,cites
d34,d33,cites
d35,d34,cites
d36,d35,cites
d38,d37,cites
d39,d37,cites
d40,d39,cites
d41,d40,cites
d42,d41,cites
d44,d43,cites
d45,d43,cites
d46,d45,cites
d47,d46,cites
d48,d47,cites
d50,d49,cites
d51,d49,cites
d52,d51,cites
d53,d52,cites
d54,d53,cites
d56,d55,cites
d57,d55,cites
d58,d57,cites
d59,d58,cites
d60,d59,cites
d05,d24,related_to
d10,d21,related_to
d11,d21,related_to
d06,d12,related_to
d04,d09,related_to
d29,d06,related_to
d33,d21,related_to
d45,d13,related_to
d52,d30,related_to
d58,d24,related_to
d42,d08,related_to
d50,d38,related_to
