source,target,type,weight
intent-vs-fact-smoke/run-2026-09-29-1/qwen36-abstract-baseline/2608.06236/0,intent-vs-fact/arxiv:2608.06236v1/abstract,derived_from,1
intent-vs-fact-smoke/run-2026-09-29-1/qwen36-abstract-baseline/2608.06236/1,intent-vs-fact/arxiv:2608.06236v1/abstract,derived_from,1
intent-vs-fact-smoke/run-2026-09-29-1/qwen36-abstract-baseline/2608.06236/2,intent-vs-fact/arxiv:2608.06236v1/abstract,derived_from,1
intent-vs-fact-smoke/run-2026-09-29-1/qwen36-abstract-baseline/2608.06236/3,intent-vs-fact/arxiv:2608.06236v1/abstract,derived_from,1
intent-vs-fact-smoke/run-2026-09-29-1/qwen36-abstract-baseline/2608.06236/4,intent-vs-fact/arxiv:2608.06236v1/abstract,derived_from,1
intent-vs-fact-smoke/run-2026-09-29-1/qwen36-abstract-baseline/2608.06236/5,intent-vs-fact/arxiv:2608.06236v1/abstract,derived_from,1
intent-vs-fact-smoke/run-2026-09-29-1/qwen36-abstract-baseline/2608.06236/6,intent-vs-fact/arxiv:2608.06236v1/abstract,derived_from,1
intent-vs-fact-smoke/run-2026-09-29-1/qwen36-abstract-baseline/2608.06236/7,intent-vs-fact/arxiv:2608.06236v1/abstract,derived_from,1
intent-vs-fact-smoke/run-2026-09-29-1/qwen36-abstract-baseline/2608.16707/0,intent-vs-fact/arxiv:2608.16707v1/abstract,derived_from,1
intent-vs-fact-smoke/run-2026-09-29-1/qwen36-abstract-baseline/2608.16707/1,intent-vs-fact/arxiv:2608.16707v1/abstract,derived_from,1
intent-vs-fact-smoke/run-2026-09-29-1/qwen36-abstract-baseline/2608.16707/2,intent-vs-fact/arxiv:2608.16707v1/abstract,derived_from,1
intent-vs-fact-smoke/run-2026-09-29-1/qwen36-abstract-baseline/2608.16707/3,intent-vs-fact/arxiv:2608.16707v1/abstract,derived_from,1
intent-vs-fact-smoke/run-2026-09-29-1/qwen36-abstract-baseline/2608.16707/4,intent-vs-fact/arxiv:2608.16707v1/abstract,derived_from,1
intent-vs-fact-smoke/run-2026-09-29-1/qwen36-abstract-baseline/2608.16707/5,intent-vs-fact/arxiv:2608.16707v1/abstract,derived_from,1
intent-vs-fact-smoke/run-2026-09-29-1/qwen36-abstract-baseline/2608.16707/6,intent-vs-fact/arxiv:2608.16707v1/abstract,derived_from,1
intent-vs-fact-smoke/run-2026-09-29-1/qwen36-abstract-baseline/2608.16707/7,intent-vs-fact/arxiv:2608.16707v1/abstract,derived_from,1
intent-vs-fact-smoke/run-2026-09-29-1/qwen36-abstract-baseline/2608.16707/8,intent-vs-fact/arxiv:2608.16707v1/abstract,derived_from,1
intent-vs-fact-smoke/run-2026-09-29-1/qwen36-abstract-baseline/2608.23564/0,intent-vs-fact/arxiv:2608.23564v1/abstract,derived_from,1
intent-vs-fact-smoke/run-2026-09-29-1/qwen36-abstract-baseline/2608.23564/1,intent-vs-fact/arxiv:2608.23564v1/abstract,derived_from,1
intent-vs-fact-smoke/run-2026-09-29-1/qwen36-abstract-baseline/2608.23564/10,intent-vs-fact/arxiv:2608.23564v1/abstract,derived_from,1
intent-vs-fact-smoke/run-2026-09-29-1/qwen36-abstract-baseline/2608.23564/11,intent-vs-fact/arxiv:2608.23564v1/abstract,derived_from,1
intent-vs-fact-smoke/run-2026-09-29-1/qwen36-abstract-baseline/2608.23564/12,intent-vs-fact/arxiv:2608.23564v1/abstract,derived_from,1
intent-vs-fact-smoke/run-2026-09-29-1/qwen36-abstract-baseline/2608.23564/13,intent-vs-fact/arxiv:2608.23564v1/abstract,derived_from,1
intent-vs-fact-smoke/run-2026-09-29-1/qwen36-abstract-baseline/2608.23564/14,intent-vs-fact/arxiv:2608.23564v1/abstract,derived_from,1
intent-vs-fact-smoke/run-2026-09-29-1/qwen36-abstract-baseline/2608.23564/15,intent-vs-fact/arxiv:2608.23564v1/abstract,derived_from,1
intent-vs-fact-smoke/run-2026-09-29-1/qwen36-abstract-baseline/2608.23564/17,intent-vs-fact/arxiv:2608.23564v1/abstract,derived_from,1
intent-vs-fact-smoke/run-2026-09-29-1/qwen36-abstract-baseline/2608.23564/18,intent-vs-fact/arxiv:2608.23564v1/abstract,derived_from,1
intent-vs-fact-smoke/run-2026-09-29-1/qwen36-abstract-baseline/2608.23564/19,intent-vs-fact/arxiv:2608.23564v1/abstract,derived_from,1
intent-vs-fact-smoke/run-2026-09-29-1/qwen36-abstract-baseline/2608.23564/2,intent-vs-fact/arxiv:2608.23564v1/abstract,derived_from,1
intent-vs-fact-smoke/run-2026-09-29-1/qwen36-abstract-baseline/2608.23564/3,intent-vs-fact/arxiv:2608.23564v1/abstract,derived_from,1
intent-vs-fact-smoke/run-2026-09-29-1/qwen36-abstract-baseline/2608.23564/4,intent-vs-fact/arxiv:2608.23564v1/abstract,derived_from,1
intent-vs-fact-smoke/run-2026-09-29-1/qwen36-abstract-baseline/2608.23564/5,intent-vs-fact/arxiv:2608.23564v1/abstract,derived_from,1
intent-vs-fact-smoke/run-2026-09-29-1/qwen36-abstract-baseline/2608.23564/6,intent-vs-fact/arxiv:2608.23564v1/abstract,derived_from,1
intent-vs-fact-smoke/run-2026-09-29-1/qwen36-abstract-baseline/2608.23564/7,intent-vs-fact/arxiv:2608.23564v1/abstract,derived_from,1
intent-vs-fact-smoke/run-2026-09-29-1/qwen36-abstract-baseline/2608.23564/8,intent-vs-fact/arxiv:2608.23564v1/abstract,derived_from,1
intent-vs-fact-smoke/run-2026-09-29-1/qwen36-abstract-baseline/2609.17291/0,intent-vs-fact/arxiv:2609.17291v1/abstract,derived_from,1
intent-vs-fact-smoke/run-2026-09-29-1/qwen36-abstract-baseline/2609.17291/1,intent-vs-fact/arxiv:2609.17291v1/abstract,derived_from,1
intent-vs-fact-smoke/run-2026-09-29-1/qwen36-abstract-baseline/2609.17291/2,intent-vs-fact/arxiv:2609.17291v1/abstract,derived_from,1
intent-vs-fact-smoke/run-2026-09-29-1/qwen36-abstract-baseline/2609.17291/3,intent-vs-fact/arxiv:2609.17291v1/abstract,derived_from,1
intent-vs-fact-smoke/run-2026-09-29-1/qwen36-abstract-baseline/2609.17291/4,intent-vs-fact/arxiv:2609.17291v1/abstract,derived_from,1
intent-vs-fact-smoke/run-2026-09-29-1/qwen36-abstract-baseline/2609.17291/5,intent-vs-fact/arxiv:2609.17291v1/abstract,derived_from,1
intent-vs-fact-smoke/run-2026-09-29-1/qwen36-abstract-baseline/2609.17291/6,intent-vs-fact/arxiv:2609.17291v1/abstract,derived_from,1
intent-vs-fact-smoke/run-2026-09-29-1/qwen36-abstract-baseline/2609.17291/7,intent-vs-fact/arxiv:2609.17291v1/abstract,derived_from,1
intent-vs-fact-smoke/run-2026-09-29-1/qwen36-abstract-baseline/2609.17291/8,intent-vs-fact/arxiv:2609.17291v1/abstract,derived_from,1
intent-vs-fact-smoke/run-2026-09-29-1/qwen36-abstract-baseline/2609.17521/0,intent-vs-fact/arxiv:2609.17521v2/abstract,derived_from,1
intent-vs-fact-smoke/run-2026-09-29-1/qwen36-abstract-baseline/2609.17521/1,intent-vs-fact/arxiv:2609.17521v2/abstract,derived_from,1
intent-vs-fact-smoke/run-2026-09-29-1/qwen36-abstract-baseline/2609.17521/2,intent-vs-fact/arxiv:2609.17521v2/abstract,derived_from,1
intent-vs-fact-smoke/run-2026-09-29-1/qwen36-abstract-baseline/2609.17521/3,intent-vs-fact/arxiv:2609.17521v2/abstract,derived_from,1
intent-vs-fact-smoke/run-2026-09-29-1/qwen36-abstract-baseline/2609.17521/4,intent-vs-fact/arxiv:2609.17521v2/abstract,derived_from,1
intent-vs-fact-smoke/run-2026-09-29-1/qwen36-abstract-mode/2608.06236/0,intent-vs-fact/arxiv:2608.06236v1/abstract,derived_from,1
intent-vs-fact-smoke/run-2026-09-29-1/qwen36-abstract-mode/2608.06236/1,intent-vs-fact/arxiv:2608.06236v1/abstract,derived_from,1
intent-vs-fact-smoke/run-2026-09-29-1/qwen36-abstract-mode/2608.06236/2,intent-vs-fact/arxiv:2608.06236v1/abstract,derived_from,1
intent-vs-fact-smoke/run-2026-09-29-1/qwen36-abstract-mode/2608.06236/3,intent-vs-fact/arxiv:2608.06236v1/abstract,derived_from,1
intent-vs-fact-smoke/run-2026-09-29-1/qwen36-abstract-mode/2608.06236/4,intent-vs-fact/arxiv:2608.06236v1/abstract,derived_from,1
intent-vs-fact-smoke/run-2026-09-29-1/qwen36-abstract-mode/2608.06236/5,intent-vs-fact/arxiv:2608.06236v1/abstract,derived_from,1
intent-vs-fact-smoke/run-2026-09-29-1/qwen36-abstract-mode/2608.06236/6,intent-vs-fact/arxiv:2608.06236v1/abstract,derived_from,1
intent-vs-fact-smoke/run-2026-09-29-1/qwen36-abstract-mode/2608.06236/7,intent-vs-fact/arxiv:2608.06236v1/abstract,derived_from,1
intent-vs-fact-smoke/run-2026-09-29-1/qwen36-abstract-mode/2608.16707/0,intent-vs-fact/arxiv:2608.16707v1/abstract,derived_from,1
intent-vs-fact-smoke/run-2026-09-29-1/qwen36-abstract-mode/2608.16707/1,intent-vs-fact/arxiv:2608.16707v1/abstract,derived_from,1
intent-vs-fact-smoke/run-2026-09-29-1/qwen36-abstract-mode/2608.16707/2,intent-vs-fact/arxiv:2608.16707v1/abstract,derived_from,1
intent-vs-fact-smoke/run-2026-09-29-1/qwen36-abstract-mode/2608.16707/3,intent-vs-fact/arxiv:2608.16707v1/abstract,derived_from,1
intent-vs-fact-smoke/run-2026-09-29-1/qwen36-abstract-mode/2608.16707/4,intent-vs-fact/arxiv:2608.16707v1/abstract,derived_from,1
intent-vs-fact-smoke/run-2026-09-29-1/qwen36-abstract-mode/2608.16707/5,intent-vs-fact/arxiv:2608.16707v1/abstract,derived_from,1
intent-vs-fact-smoke/run-2026-09-29-1/qwen36-abstract-mode/2608.16707/6,intent-vs-fact/arxiv:2608.16707v1/abstract,derived_from,1
intent-vs-fact-smoke/run-2026-09-29-1/qwen36-abstract-mode/2608.16707/7,intent-vs-fact/arxiv:2608.16707v1/abstract,derived_from,1
intent-vs-fact-smoke/run-2026-09-29-1/qwen36-abstract-mode/2608.16707/8,intent-vs-fact/arxiv:2608.16707v1/abstract,derived_from,1
intent-vs-fact-smoke/run-2026-09-29-1/qwen36-abstract-mode/2608.16707/9,intent-vs-fact/arxiv:2608.16707v1/abstract,derived_from,1
intent-vs-fact-smoke/run-2026-09-29-1/qwen36-abstract-mode/2608.23564/0,intent-vs-fact/arxiv:2608.23564v1/abstract,derived_from,1
intent-vs-fact-smoke/run-2026-09-29-1/qwen36-abstract-mode/2608.23564/1,intent-vs-fact/arxiv:2608.23564v1/abstract,derived_from,1
intent-vs-fact-smoke/run-2026-09-29-1/qwen36-abstract-mode/2608.23564/10,intent-vs-fact/arxiv:2608.23564v1/abstract,derived_from,1
intent-vs-fact-smoke/run-2026-09-29-1/qwen36-abstract-mode/2608.23564/11,intent-vs-fact/arxiv:2608.23564v1/abstract,derived_from,1
intent-vs-fact-smoke/run-2026-09-29-1/qwen36-abstract-mode/2608.23564/12,intent-vs-fact/arxiv:2608.23564v1/abstract,derived_from,1
intent-vs-fact-smoke/run-2026-09-29-1/qwen36-abstract-mode/2608.23564/13,intent-vs-fact/arxiv:2608.23564v1/abstract,derived_from,1
intent-vs-fact-smoke/run-2026-09-29-1/qwen36-abstract-mode/2608.23564/14,intent-vs-fact/arxiv:2608.23564v1/abstract,derived_from,1
intent-vs-fact-smoke/run-2026-09-29-1/qwen36-abstract-mode/2608.23564/15,intent-vs-fact/arxiv:2608.23564v1/abstract,derived_from,1
intent-vs-fact-smoke/run-2026-09-29-1/qwen36-abstract-mode/2608.23564/17,intent-vs-fact/arxiv:2608.23564v1/abstract,derived_from,1
intent-vs-fact-smoke/run-2026-09-29-1/qwen36-abstract-mode/2608.23564/18,intent-vs-fact/arxiv:2608.23564v1/abstract,derived_from,1
intent-vs-fact-smoke/run-2026-09-29-1/qwen36-abstract-mode/2608.23564/19,intent-vs-fact/arxiv:2608.23564v1/abstract,derived_from,1
intent-vs-fact-smoke/run-2026-09-29-1/qwen36-abstract-mode/2608.23564/2,intent-vs-fact/arxiv:2608.23564v1/abstract,derived_from,1
intent-vs-fact-smoke/run-2026-09-29-1/qwen36-abstract-mode/2608.23564/3,intent-vs-fact/arxiv:2608.23564v1/abstract,derived_from,1
intent-vs-fact-smoke/run-2026-09-29-1/qwen36-abstract-mode/2608.23564/4,intent-vs-fact/arxiv:2608.23564v1/abstract,derived_from,1
intent-vs-fact-smoke/run-2026-09-29-1/qwen36-abstract-mode/2608.23564/5,intent-vs-fact/arxiv:2608.23564v1/abstract,derived_from,1
intent-vs-fact-smoke/run-2026-09-29-1/qwen36-abstract-mode/2608.23564/6,intent-vs-fact/arxiv:2608.23564v1/abstract,derived_from,1
intent-vs-fact-smoke/run-2026-09-29-1/qwen36-abstract-mode/2608.23564/7,intent-vs-fact/arxiv:2608.23564v1/abstract,derived_from,1
intent-vs-fact-smoke/run-2026-09-29-1/qwen36-abstract-mode/2608.23564/8,intent-vs-fact/arxiv:2608.23564v1/abstract,derived_from,1
intent-vs-fact-smoke/run-2026-09-29-1/qwen36-abstract-mode/2609.17291/0,intent-vs-fact/arxiv:2609.17291v1/abstract,derived_from,1
intent-vs-fact-smoke/run-2026-09-29-1/qwen36-abstract-mode/2609.17291/1,intent-vs-fact/arxiv:2609.17291v1/abstract,derived_from,1
intent-vs-fact-smoke/run-2026-09-29-1/qwen36-abstract-mode/2609.17291/2,intent-vs-fact/arxiv:2609.17291v1/abstract,derived_from,1
intent-vs-fact-smoke/run-2026-09-29-1/qwen36-abstract-mode/2609.17291/3,intent-vs-fact/arxiv:2609.17291v1/abstract,derived_from,1
intent-vs-fact-smoke/run-2026-09-29-1/qwen36-abstract-mode/2609.17291/4,intent-vs-fact/arxiv:2609.17291v1/abstract,derived_from,1
intent-vs-fact-smoke/run-2026-09-29-1/qwen36-abstract-mode/2609.17291/5,intent-vs-fact/arxiv:2609.17291v1/abstract,derived_from,1
intent-vs-fact-smoke/run-2026-09-29-1/qwen36-abstract-mode/2609.17291/6,intent-vs-fact/arxiv:2609.17291v1/abstract,derived_from,1
intent-vs-fact-smoke/run-2026-09-29-1/qwen36-abstract-mode/2609.17291/7,intent-vs-fact/arxiv:2609.17291v1/abstract,derived_from,1
intent-vs-fact-smoke/run-2026-09-29-1/qwen36-abstract-mode/2609.17291/8,intent-vs-fact/arxiv:2609.17291v1/abstract,derived_from,1
intent-vs-fact-smoke/run-2026-09-29-1/qwen36-abstract-mode/2609.17521/0,intent-vs-fact/arxiv:2609.17521v2/abstract,derived_from,1
intent-vs-fact-smoke/run-2026-09-29-1/qwen36-abstract-mode/2609.17521/1,intent-vs-fact/arxiv:2609.17521v2/abstract,derived_from,1
intent-vs-fact-smoke/run-2026-09-29-1/qwen36-abstract-mode/2609.17521/2,intent-vs-fact/arxiv:2609.17521v2/abstract,derived_from,1
intent-vs-fact-smoke/run-2026-09-29-1/qwen36-abstract-mode/2609.17521/3,intent-vs-fact/arxiv:2609.17521v2/abstract,derived_from,1
intent-vs-fact-smoke/run-2026-09-29-1/qwen36-abstract-mode/2609.17521/4,intent-vs-fact/arxiv:2609.17521v2/abstract,derived_from,1
